SlNo,Station,Agency,State LGD Code,State,District LGD Code,District,Tehsil,Block,Village,River,Basin,Tributary,Subtributary,SubSubtributary,Local River,Latitude,Longitude,Data Acquisition Time,Amonia N (mgN/L),Boron (mg/L),Carbonate (mg/L),Calcium (mg/L),Chloride (mg/L),Dissolved oxygen (mg/L),Total Dissolved Solids (mg/L),Fluoride (mg/L),Bicarbonate (mg/L),Potassium (mg/L),Magnesium (mg/L),Sodium (mg/L),Nitrite N+Nitrate N (mgN/L),Potential of Hydrogen (pH),Sulphate (mg/L),Total Phosphorus (mgP/L),Arsenic (mg/L),Total Alkalinity (mg/L as CaCO3),Cadmium (mg/L),Chromium (mg/L),Iron(mg/L),Hardness Calcium (mgCaCO3/L),Mercury(mg/L),Hardness_Magnesium (mg/L as CaCO3),Total Hardness (mgCaCO3/L),Manganese (mg/L),Nitrate N (mgN/L),Nickel (mg/L),Lead (mg/L),Zinc (mg/L),Sodium Adsorption Ratio (%),Nitrate (mg/L),Copper (mg/L)
1,Karnal,CWC,6,Haryana,67,KARNAL,KARNAL,-,-,Ganga,Ganga,Yamuna,-,-,Yamuna,29.76218333,77.13166667,15-01-2020 08:30,"","",15.5,16.19,6.71,"",194,"",70.96,"",24.56,4.81,"",8.81,41.5,"","",84.9,"","","","","","","","","","","","","","",""
2,Karnal,CWC,6,Haryana,67,KARNAL,KARNAL,-,-,Ganga,Ganga,Yamuna,-,-,Yamuna,29.76218333,77.13166667,17-02-2020 08:30,"","",0,26.91,7.45,"",169,"",123,"",13.43,5.94,"",8.21,17.3,"","",102.23,"","","","","","","","","","","","","","",""
3,Karnal,CWC,6,Haryana,67,KARNAL,KARNAL,-,-,Ganga,Ganga,Yamuna,-,-,Yamuna,29.76218333,77.13166667,16-03-2020 08:30,"","",0,27.98,14.42,"",147,"",105.32,"",10.32,11.21,"",7.81,19.92,"","",87.76,"","","","","","","","","","","","","","",""
4,Karnal,CWC,6,Haryana,67,KARNAL,KARNAL,-,-,Ganga,Ganga,Yamuna,-,-,Yamuna,29.76218333,77.13166667,15-09-2020 08:30,"","",5.03,52.12,18.69,"",193,"",210,"",34.51,14.61,"",8.38,85.6,"","",183.4,"","","","","","","","","","","","","","",""
5,Karnal,CWC,6,Haryana,67,KARNAL,KARNAL,-,-,Ganga,Ganga,Yamuna,-,-,Yamuna,29.76218333,77.13166667,02-11-2020 08:30,"","",0,26.81,12.67,"",209,"",83,"",17.97,9.87,"",8.16,61.5,"","",69.2,"","","","","","","","","","","","","","",""
6,Karnal,CWC,6,Haryana,67,KARNAL,KARNAL,-,-,Ganga,Ganga,Yamuna,-,-,Yamuna,29.76218333,77.13166667,02-12-2020 08:30,0.99,"",8,42.04,14.33,0,235,"",136,"",22,11.21,"",8.3,66.1,"","",126.5,"","","","","","","","","","","","","","",""
7,Mohna,CWC,6,Haryana,60,FARIDABAD,BALLABGARH,-,-,Ganga,Ganga,Yamuna,Yamuna,Yamuna,Yamuna,28.22361111,77.45583333,04-03-2008 10:25,18.681623,"",0,71,198.374,4.06,"","",555.649,"",34.1415,181.01,2.380342,7.7,79.9488,2.4,"","","","",0.05022,"","","",319.75626,"",2.361022,"","","",4.4177747,"",""
8,Mohna,CWC,6,Haryana,60,FARIDABAD,BALLABGARH,-,-,Ganga,Ganga,Yamuna,Yamuna,Yamuna,Yamuna,28.22361111,77.45583333,01-04-2008 10:35,10.897848,"",0,70.26,200.42235,4.02,"","",405.1132,"",23.0364,162.357,3.0208387,7.03,54.9648,2.75,"","","","",0.3999,"","","",271.635,"",3.0111787,"","","",4.2971015,"",""
9,Mohna,CWC,6,Haryana,60,FARIDABAD,BALLABGARH,-,-,Ganga,Ganga,Yamuna,Yamuna,Yamuna,Yamuna,28.22361111,77.45583333,05-05-2008 10:45,11.675664,"",0,78.244,236.7637,4,"","",458.0063,"",37.432934,195.0975,4.5816274,7.55,72.9552,2.8,"","","","",0.99882,"","","",351.58057,"",4.5623074,"","","",4.5409513,"",""
10,Mohna,CWC,6,Haryana,60,FARIDABAD,BALLABGARH,-,-,Ganga,Ganga,Yamuna,Yamuna,Yamuna,Yamuna,28.22361111,77.45583333,03-06-2008 09:30,9.3366,"",0,70.4,221.165,4.92,"","",255.59,"",32.633686,189.658,42.96833,7.21,84,"","",209.5,"","",0.49848,"","","",311.9737,"",42.82067,"","","",4.685993,"",""
11,Mohna,CWC,6,Haryana,60,FARIDABAD,BALLABGARH,-,-,Ganga,Ganga,Yamuna,Yamuna,Yamuna,Yamuna,28.22361111,77.45583333,02-07-2008 10:45,4.669704,"",0,43.54,66.03,5.94,"","",111.63,"",14.537475,55.66,24.864933,7.44,46.368,"","",91.5,"","",0.19902,"","","",169.4228,"",24.815252,"","","",1.8653675,"",""
12,Mohna,CWC,6,Haryana,60,FARIDABAD,BALLABGARH,-,-,Ganga,Ganga,Yamuna,Yamuna,Yamuna,Yamuna,28.22361111,77.45583333,05-08-2008 10:30,1.7901,"",0,41.972,48.99,6.18,"","",129.93,"",16.4754,59.087,20.94582,7.88,55.152,"","",106.5,"","",0.518754,"","","",173.5775,"",20.80782,"","","",1.9567742,"",""
13,Mohna,CWC,6,Haryana,60,FARIDABAD,BALLABGARH,-,-,Ganga,Ganga,Yamuna,Yamuna,Yamuna,Yamuna,28.22361111,77.45583333,02-09-2008 11:10,1.9305,"",0,52.7,71.8449,6.38,"","",110.5259,"",14.39775,84.778,23.00654,7.4,84.144,"","",90.595,"","",0.31992,"","","",191.74063,"",22.83956,"","","",2.6701117,"",""
14,Mohna,CWC,6,Haryana,60,FARIDABAD,BALLABGARH,-,-,Ganga,Ganga,Yamuna,Yamuna,Yamuna,Yamuna,28.22361111,77.45583333,07-10-2008 11:00,1.447524,"",0,62.4,96.915,6.86,"","",117.547,"",8.63865,46.874,8.649868,6.85,41.76,"","",96.35,"","",0.2697,"","","",191.99437,"",8.393188,"","","",1.4743469,"",""
15,Mohna,CWC,6,Haryana,60,FARIDABAD,BALLABGARH,-,-,Ganga,Ganga,Yamuna,Yamuna,Yamuna,Yamuna,28.22361111,77.45583333,03-11-2008 11:10,3.206736,"",0,59,96.56,6.26,"","",101.626,"",13.4379,78.43,35.47934,6.81,66.24,"","",83.3,"","",0.48918,"","","",203.49126,"",35.45036,"","","",2.3973143,"",""
16,Mohna,CWC,6,Haryana,60,FARIDABAD,BALLABGARH,-,-,Ganga,Ganga,Yamuna,Yamuna,Yamuna,Yamuna,28.22361111,77.45583333,02-12-2008 11:15,0.452088,"",0,60.678,109.6595,5.52,"","",121.695,"",24.9075,89.47,38.550198,7.79,84,"","",99.75,"","",0.1953,"","","",255.47626,"",38.39288,"","","",2.442433,"",""
17,Mohna,CWC,6,Haryana,60,FARIDABAD,BALLABGARH,-,-,Ganga,Ganga,Yamuna,Yamuna,Yamuna,Yamuna,28.22361111,77.45583333,05-01-2009 10:00,8.8452,"",0,86.48,253.47,5.02,"","",484.95,"",50.9814,214.13,30.053852,6.97,69.168,"","",397.5,"","",0,"","","",428.6225,"",29.018852,"","","",4.5151134,"",""
18,Mohna,CWC,6,Haryana,60,FARIDABAD,BALLABGARH,-,-,Ganga,Ganga,Yamuna,Yamuna,Yamuna,Yamuna,28.22361111,77.45583333,03-02-2009 10:45,18.5328,"",0,88.4,198.8,4.9,"","",305.8479,"",28.0665,168.13,38.86292,7.72,99.312,"","",250.695,"","",0.58032,"","","",337.94376,"",38.81324,"","","",3.9893622,"",""
19,Mohna,CWC,6,Haryana,60,FARIDABAD,BALLABGARH,-,-,Ganga,Ganga,Yamuna,Yamuna,Yamuna,Yamuna,28.22361111,77.45583333,01-03-2009 08:30,26.9568,"",0,75.4,246.37,5.1,"","",465.43,"",44.1045,205.16,40.476315,7.62,58.176,"","",381.5,"","",0.58032,"","","",372.26874,"",40.466656,"","","",4.641822,"",""
20,Mohna,CWC,6,Haryana,60,FARIDABAD,BALLABGARH,-,-,Ganga,Ganga,Yamuna,Yamuna,Yamuna,Yamuna,28.22361111,77.45583333,01-04-2009 15:30,13.00104,"",0,67.578,170.3858,"","","",248.27,"",23.814,144.67,32.541172,7.33,115.776,"","",203.5,"","",0.18042,"","","",268.17,"",32.52185,"","","",3.853981,"",""
21,Mohna,CWC,6,Haryana,60,FARIDABAD,BALLABGARH,-,-,Ganga,Ganga,Yamuna,Yamuna,Yamuna,Yamuna,28.22361111,77.45583333,05-05-2009 08:30,8.87328,"",0,69,307.075,5.9,"","",401.38,"",41.553,226.1475,49.077667,7.78,142.944,"","",329,"","",0.18042,"","","",345.6375,"",49.02799,"","","",5.310341,"",""
22,Mohna,CWC,6,Haryana,60,FARIDABAD,BALLABGARH,-,-,Ganga,Ganga,Yamuna,Yamuna,Yamuna,Yamuna,28.22361111,77.45583333,01-06-2009 08:30,19.9368,"",0,86.6,304.945,6.2,"","",522.404,"",22.95135,206.7125,5.275839,7.81,51.84,"","",428.19998,"","",2.0088,"","","",312.1306,"",4.202199,"","","",5.102544,"",""
23,Mohna,CWC,6,Haryana,60,FARIDABAD,BALLABGARH,-,-,Ganga,Ganga,Yamuna,Yamuna,Yamuna,Yamuna,28.22361111,77.45583333,01-07-2009 08:30,14.16636,"",0,70,291.668,6.7,"","",528.687,"",25.515,196.6017,6.5577726,7.82,87.36,"","",433.35,"","",0.19902,"","","",281.3125,"",6.2031126,"","","",5.1138425,"",""
24,Mohna,CWC,6,Haryana,60,FARIDABAD,BALLABGARH,-,-,Ganga,Ganga,Yamuna,Yamuna,Yamuna,Yamuna,28.22361111,77.45583333,01-08-2009 08:30,14.16636,"",0,94,236.43,6.8,"","",475.8,"",21.0195,190.4354,5.7545795,7.83,81.6,"","",390,"","",0.07998,"","","",322.58124,"",5.74492,"","","",4.623121,"",""
25,Mohna,CWC,6,Haryana,60,FARIDABAD,BALLABGARH,-,-,Ganga,Ganga,Yamuna,Yamuna,Yamuna,Yamuna,28.22361111,77.45583333,01-09-2009 08:30,0,"",36,74.4,194.54,6.9,"","",184.83,"",14.58,162.334,6.977976,7.73,71.04,"","",211.5,"","",0.15066,"","","",246.75,"",6.977976,"","","",4.5053573,"",""
26,Mohna,CWC,6,Haryana,60,FARIDABAD,BALLABGARH,-,-,Ganga,Ganga,Yamuna,Yamuna,Yamuna,Yamuna,28.22361111,77.45583333,01-10-2009 08:30,0,"",15.6,71.2,230.75,6.1,"","",260.958,"",30.0105,188.83,12.391915,7.92,82.08,"","",239.90001,"","",1.13832,"","","",303.04373,"",12.372596,"","","",4.7331877,"",""
27,Mohna,CWC,6,Haryana,60,FARIDABAD,BALLABGARH,-,-,Ganga,Ganga,Yamuna,Yamuna,Yamuna,Yamuna,28.22361111,77.45583333,01-11-2009 08:30,11.6532,"",0,66,170.755,5.8,"","",371.49,"",23.9355,148.12,8.96768,7.88,91.2,"","",304.5,"","",0.07998,"","","",264.73123,"",8.96768,"","","",3.9715765,"",""
28,Mohna,CWC,6,Haryana,60,FARIDABAD,BALLABGARH,-,-,Ganga,Ganga,Yamuna,Yamuna,Yamuna,Yamuna,28.22361111,77.45583333,01-12-2009 08:30,13.7592,"",0,82.7,246.015,5.7,"","",539.24,"",29.16,197.8,8.9869995,7.99,98.64,"","",442,"","",0.10974,"","","",328.25,"",8.96768,"","","",4.762779,"",""
29,Mohna,CWC,6,Haryana,60,FARIDABAD,BALLABGARH,-,-,Ganga,Ganga,Yamuna,Yamuna,Yamuna,Yamuna,28.22361111,77.45583333,01-01-2010 08:30,14.127048,"",0,88.6,273.35,5.7,"","",358.07,"",27.51975,184.23,10.00786,7.54,99.792,"","",293.5,"","",1.5066,"","","",336.16562,"",9.94852,"","","",4.38281,"",""
30,Mohna,CWC,6,Haryana,60,FARIDABAD,BALLABGARH,-,-,Ganga,Ganga,Yamuna,Yamuna,Yamuna,Yamuna,28.22361111,77.45583333,01-02-2010 08:30,0.015444,"",0,53.2,18.815,5.8,"","",126.819,"",10.692,16.33,3.017888,8.2,71.4528,"","",103.95,"","",0.43896,"","","",177.55,"",2.998568,"","","",0.5342999,"",""
31,Mohna,CWC,6,Haryana,60,FARIDABAD,BALLABGARH,-,-,Ganga,Ganga,Yamuna,Yamuna,Yamuna,Yamuna,28.22361111,77.45583333,01-03-2010 08:30,18.5328,"",0,59,208.74,"","","",501.42,"",28.431,184.69,3.424236,7.83,72,"","",411,"","",0.3999,"","","",265.9625,"",3.404916,"","","",4.9424796,"",""
32,Mohna,CWC,6,Haryana,60,FARIDABAD,BALLABGARH,-,-,Ganga,Ganga,Yamuna,Yamuna,Yamuna,Yamuna,28.22361111,77.45583333,01-04-2010 08:30,23.4468,"",0,62.2,161.525,5.7,"","",456.28,"",28.91457,128.57,4.22292,7.92,76.224,"","",374,"","",0.7626,"","","",275.9774,"",4.2036,"","","",3.3774896,"",""
33,Mohna,CWC,6,Haryana,60,FARIDABAD,BALLABGARH,-,-,Ganga,Ganga,Yamuna,Yamuna,Yamuna,Yamuna,28.22361111,77.45583333,01-05-2010 08:30,24.2892,"",0,72,206.965,5.4,"","",509.838,"",40.543335,166.2624,5.76424,7.88,106.56,"","",417.90002,"","",1.49916,"","","",348.93057,"",5.74492,"","","",3.885317,"",""
34,Mohna,CWC,6,Haryana,60,FARIDABAD,BALLABGARH,-,-,Ganga,Ganga,Yamuna,Yamuna,Yamuna,Yamuna,28.22361111,77.45583333,01-06-2010 09:00,0,"",0,84,220.1,3.2,"","",420.9,"",32.805,209.3,29.39336,7.9,100.8,"","",345,"","",0.21018,"","","",346.6875,"",29.14496,"","","",4.904478,"",""
35,Mohna,CWC,6,Haryana,60,FARIDABAD,BALLABGARH,-,-,Ganga,Ganga,Yamuna,Yamuna,Yamuna,Yamuna,28.22361111,77.45583333,01-07-2010 09:20,0,"",0,42,29.11,1.1,"","",140.3,"",8.262,46.23,17.1318,8.02,3.84,"","",115,"","",0.5022,"","","",139.425,"",16.8144,"","","",1.7068821,"",""
36,Mohna,CWC,6,Haryana,60,FARIDABAD,BALLABGARH,-,-,Ganga,Ganga,Yamuna,Yamuna,Yamuna,Yamuna,28.22361111,77.45583333,01-08-2010 08:30,0,"",0,40.6,49.7,5.4,"","",152.5,"",5.103,66.7,5.5750804,7.68,28.8,"","",125,"","",0.2046,"","","",122.7625,"",5.46468,"","","",2.6234436,"",""
37,Mohna,CWC,6,Haryana,60,FARIDABAD,BALLABGARH,-,-,Ganga,Ganga,Yamuna,Yamuna,Yamuna,Yamuna,28.22361111,77.45583333,01-09-2010 08:30,0,"",0,39.2,30.175,5.5,"","",128.1,"",4.374,39.1,5.58336,7.52,28.8,"","",105.00001,"","",0.63984,"","","",116.225,"",5.46468,"","","",1.5804024,"",""
38,Mohna,CWC,6,Haryana,60,FARIDABAD,BALLABGARH,-,-,Ganga,Ganga,Yamuna,Yamuna,Yamuna,Yamuna,28.22361111,77.45583333,01-10-2010 08:30,0,"",0,39.2,42.6,5.1,"","",152.5,"",12.15,32.2,16.8834,8.13,35.04,"","",125,"","",0.93,"","","",148.625,"",16.8144,"","","",1.1520672,"",""
39,Mohna,CWC,6,Haryana,60,FARIDABAD,BALLABGARH,-,-,Ganga,Ganga,Yamuna,Yamuna,Yamuna,Yamuna,28.22361111,77.45583333,02-11-2010 08:30,0,"",0,56,74.55,5,"","",164.7,"",10.449,62.1,21.225,7.28,52.8,"","",135,"","",0.4092,"","","",183.5375,"",21.018,"","","",1.9982814,"",""
40,Mohna,CWC,6,Haryana,60,FARIDABAD,BALLABGARH,-,-,Ganga,Ganga,Yamuna,Yamuna,Yamuna,Yamuna,28.22361111,77.45583333,01-12-2010 08:30,0,"",0,50,88.75,2.1,"","",201.3,"",19.44,96.6,23.97772,7.96,62.4,"","",165,"","",0.23994,"","","",206,"",23.8204,"","","",2.9365249,"",""
41,Mohna,CWC,6,Haryana,60,FARIDABAD,BALLABGARH,-,-,Ganga,Ganga,Yamuna,Yamuna,Yamuna,Yamuna,28.22361111,77.45583333,03-01-2011 08:30,7.1604,"",0,76,159.75,1.1,"","",329.4,"",17.01,151.8,19.64578,7.36,48.48,"","",270,"","",0.744,"","","",260.875,"",19.6168,"","","",4.0979166,"",""
42,Mohna,CWC,6,Haryana,60,FARIDABAD,BALLABGARH,-,-,Ganga,Ganga,Yamuna,Yamuna,Yamuna,Yamuna,28.22361111,77.45583333,01-02-2011 08:30,10.6704,"",0,78,134.9,1.15,"","",524.6,"",23.085,144.9,21.018,7.8,38.4,"","",429.99997,"","",1.395,"","","",291.1875,"",21.018,"","","",3.7036157,"",""
43,Mohna,CWC,6,Haryana,60,FARIDABAD,BALLABGARH,-,-,Ganga,Ganga,Yamuna,Yamuna,Yamuna,Yamuna,28.22361111,77.45583333,01-03-2011 08:30,8.424,"",0,48,82.715,2.2,"","",231.8,"",19.44,73.6,18.76336,7.25,62.4,"","",190,"","",0.5394,"","","",201,"",17.93536,"","","",2.265128,"",""
44,Mohna,CWC,6,Haryana,60,FARIDABAD,BALLABGARH,-,-,Ganga,Ganga,Yamuna,Yamuna,Yamuna,Yamuna,28.22361111,77.45583333,01-04-2011 08:30,9.828,"",0,58,102.95,1.5,"","",347.7,"",23.9355,87.4,22.4192,7.87,27.84,"","",285,"","",0.2976,"","","",244.73125,"",22.4192,"","","",2.4377558,"",""
45,Mohna,CWC,6,Haryana,60,FARIDABAD,BALLABGARH,-,-,Ganga,Ganga,Yamuna,Yamuna,Yamuna,Yamuna,28.22361111,77.45583333,02-05-2011 08:30,9.5472,"",0,58,166.85,1.4,"","",341.6,"",19.197,25.76,12.89104,7.5,62.4,"","",280,"","",0.5022,"","","",224.9875,"",12.89104,"","","",0.74915063,"",""
46,Mohna,CWC,6,Haryana,60,FARIDABAD,BALLABGARH,-,-,Ganga,Ganga,Yamuna,Yamuna,Yamuna,Yamuna,28.22361111,77.45583333,01-06-2011 08:30,5.44752,"",0,55.16,118.6765,"","","",272.365,"",3.48705,104.167,0.952816,7.46,60.96,"","",223.25,"","",0.6138,"","","",152.42938,"",0.952816,"","","",3.6753087,"",""
47,Mohna,CWC,6,Haryana,60,FARIDABAD,BALLABGARH,-,-,Ganga,Ganga,Yamuna,Yamuna,Yamuna,Yamuna,28.22361111,77.45583333,01-07-2011 08:30,7.46928,"",0,49.46,91.022,"","","",239.059,"",13.01265,90.275,3.096652,7.13,68.736,"","",195.95,"","",0.5766,"","","",177.86937,"",3.096652,"","","",2.951899,"",""
48,Mohna,CWC,6,Haryana,60,FARIDABAD,BALLABGARH,-,-,Ganga,Ganga,Yamuna,Yamuna,Yamuna,Yamuna,28.22361111,77.45583333,01-08-2011 09:30,1.01088,"",0,40.1,42.8485,"","","",182.573,"",4.67775,39.951,1.997376,7.29,54.672,"","",149.65,"","",0.5022,"","","",119.74062,"",0.672576,"","","",1.590968,"",""
49,Mohna,CWC,6,Haryana,60,FARIDABAD,BALLABGARH,-,-,Ganga,Ganga,Yamuna,Yamuna,Yamuna,Yamuna,28.22361111,77.45583333,01-09-2011 08:30,0,"",0,45.8,33.9735,"","","",156.587,"",8.1162,28.221,1.764472,7.12,41.376,"","",128.35,"","",0.465,"","","",148.3175,"",0.784672,"","","",1.0101416,"",""
50,Mohna,CWC,6,Haryana,60,FARIDABAD,BALLABGARH,-,-,Ganga,Ganga,Yamuna,Yamuna,Yamuna,Yamuna,28.22361111,77.45583333,01-10-2011 08:00,4.54896,"",30.27,56.66,101.1395,"","","",263.459,"",21.25035,98.164,3.611936,7.5,69.936,"","",266.4,"","",0.372,"","","",230.19313,"",2.494136,"","","",2.8227756,"",""
51,Mohna,CWC,6,Haryana,60,FARIDABAD,BALLABGARH,-,-,Ganga,Ganga,Yamuna,Yamuna,Yamuna,Yamuna,28.22361111,77.45583333,01-11-2011 08:00,1.31976,"",0,70.66,254.9255,"","","",409.127,"",29.7189,212.75,3.166712,8,116.928,"","",335.35,"","",0.4092,"","","",300.47876,"",3.166712,"","","",5.355461,"",""
52,Mohna,CWC,6,Haryana,60,FARIDABAD,BALLABGARH,-,-,Ganga,Ganga,Yamuna,Yamuna,Yamuna,Yamuna,28.22361111,77.45583333,01-12-2011 08:00,6.0372,"",0,37.46,124.9955,"","","",303.475,"",23.75325,133.262,2.494136,7.65,125.04,"","",248.75,"","",0.0744,"","","",192.62187,"",2.494136,"","","",4.192032,"",""
53,Mohna,CWC,6,Haryana,60,FARIDABAD,BALLABGARH,-,-,Ganga,Ganga,Yamuna,Yamuna,Yamuna,Yamuna,28.22361111,77.45583333,01-01-2012 08:00,8.95752,"",0,90.5,233.874,"","","",485.926,"",40.9212,202.377,3.839288,8.11,153.6,"","",398.3,"","",0.093,"","","",396.755,"",3.839288,"","","",4.4337907,"",""
54,Mohna,CWC,6,Haryana,60,FARIDABAD,BALLABGARH,-,-,Ganga,Ganga,Yamuna,Yamuna,Yamuna,Yamuna,28.22361111,77.45583333,01-02-2012 08:00,19.06632,"",0,77.16,290.603,"","","",562.542,"",19.96245,260.314,9.38804,8.04,106.128,"","",461.1,"","",0.1488,"","","",276.07687,"",9.38804,"","","",6.832173,"",""
55,Mohna,CWC,6,Haryana,60,FARIDABAD,BALLABGARH,-,-,Ganga,Ganga,Yamuna,Yamuna,Yamuna,Yamuna,28.22361111,77.45583333,01-03-2012 08:00,16.4268,"",0,87.62,273.3145,"","","",453.596,"",24.70095,220.271,9.38804,8.08,68.352,"","",371.8,"","",0.1116,"","","",321.9706,"",9.38804,"","","",5.3538756,"",""
56,Mohna,CWC,6,Haryana,60,FARIDABAD,BALLABGARH,-,-,Ganga,Ganga,Yamuna,Yamuna,Yamuna,Yamuna,28.22361111,77.45583333,01-04-2012 08:00,18.09756,"",23.4,95.18,212.432,"","","",475.922,"",22.07655,202.4,9.612232,8.5,106.416,"","",429.1,"","",0.2046,"","","",329.93564,"",9.612232,"","","",4.858699,"",""
57,Mohna,CWC,6,Haryana,60,FARIDABAD,BALLABGARH,-,-,Ganga,Ganga,Yamuna,Yamuna,Yamuna,Yamuna,28.22361111,77.45583333,01-05-2012 08:00,14.40504,"",0,56.02,178.5295,"","","",226.493,"",14.4342,150.282,7.2017436,8.11,123.408,"","",185.65,"","",0.186,"","","",200.1925,"",7.174144,"","","",4.631881,"",""
58,Mohna,CWC,6,Haryana,60,FARIDABAD,BALLABGARH,-,-,Ganga,Ganga,Yamuna,Yamuna,Yamuna,Yamuna,28.22361111,77.45583333,01-06-2012 09:00,24,"",0,61.54,258.8,"","","",308.2,"",32.44,220.6,"",7.52,135,1.8,"",252.62296,"","","","","","",289.01666,"","","","","",5.663797,"",""
59,Mohna,CWC,6,Haryana,60,FARIDABAD,BALLABGARH,-,-,Ganga,Ganga,Yamuna,Yamuna,Yamuna,Yamuna,28.22361111,77.45583333,03-07-2012 08:00,22.3,"",0,69.89,277.1,"","","",401.1,"",35.74,260.7,"",8.22,129.1,3.1,"",328.7705,"","","","","","",323.64166,"","","","","",6.324917,"",""
60,Mohna,CWC,6,Haryana,60,FARIDABAD,BALLABGARH,-,-,Ganga,Ganga,Yamuna,Yamuna,Yamuna,Yamuna,28.22361111,77.45583333,01-08-2012 09:00,5.65,"",0,83.53,205.2,"","","",352.6,"",24.96,230.5,"",8.25,127.6,2.24,"",289.0164,"","","","","","",312.82498,"","","","","",5.684196,"",""
61,Mohna,CWC,6,Haryana,60,FARIDABAD,BALLABGARH,-,-,Ganga,Ganga,Yamuna,Yamuna,Yamuna,Yamuna,28.22361111,77.45583333,03-09-2012 07:00,1.55,"",0,33.86,38.59,"","","",116.4,"",6.28,45.19,"",8.24,39.4,0.08,"",95.409836,"","","","","","",110.816666,"","","","","",1.8713917,"",""
62,Mohna,CWC,6,Haryana,60,FARIDABAD,BALLABGARH,-,-,Ganga,Ganga,Yamuna,Yamuna,Yamuna,Yamuna,28.22361111,77.45583333,01-10-2012 07:00,7.5,"",0,37.94,55.52,"","","",138.2,"",14.04,42.5,"",8.29,51.5,0.92,"",113.27869,"","","","","","",153.34999,"","","","","",1.4973038,"",""
63,Mohna,CWC,6,Haryana,60,FARIDABAD,BALLABGARH,-,-,Ganga,Ganga,Yamuna,Yamuna,Yamuna,Yamuna,28.22361111,77.45583333,01-11-2012 08:00,15.75,"",0,71.59,217.4,"","","",353.5,"",34.65,220.3,"",8.22,127.9,1.58,"",289.7541,"","","","","","",323.35,"","","","","",5.3467803,"",""
64,Mohna,CWC,6,Haryana,60,FARIDABAD,BALLABGARH,-,-,Ganga,Ganga,Yamuna,Yamuna,Yamuna,Yamuna,28.22361111,77.45583333,04-12-2012 08:30,12.75,"",0,73.25,201,"","","",345.6,"",33.91,210.7,"",8.12,143.8,3.55,"",283.2787,"","","","","","",324.41666,"","","","","",5.105069,"",""
65,Mohna,CWC,6,Haryana,60,FARIDABAD,BALLABGARH,-,-,Ganga,Ganga,Yamuna,Yamuna,Yamuna,Yamuna,28.22361111,77.45583333,01-01-2013 08:30,21.5,"",0,83.78,217.4,"","","",409.2,"",45.8,210.3,"",8.02,105.8,8.45,"",335.40985,"","","","","","",400.28333,"","","","","",4.5881777,"",""
66,Mohna,CWC,6,Haryana,60,FARIDABAD,BALLABGARH,-,-,Ganga,Ganga,Yamuna,Yamuna,Yamuna,Yamuna,28.22361111,77.45583333,01-02-2013 08:30,21.35,"",0,69.64,186.1,"","","",370.4,"",38.71,185.7,"",7.92,91,3.65,"",303.60657,"","","","","","",335.39166,"","","","","",4.426191,"",""
67,Mohna,CWC,6,Haryana,60,FARIDABAD,BALLABGARH,-,-,Ganga,Ganga,Yamuna,Yamuna,Yamuna,Yamuna,28.22361111,77.45583333,01-03-2013 08:30,5.3,"",0,31.88,42.69,"","","",146.4,"",18.01,46.15,"",7.67,73.1,0.31,"",119.99999,"","","","","","",154.74167,"","","","","",1.6194662,"",""
68,Mohna,CWC,6,Haryana,60,FARIDABAD,BALLABGARH,-,-,Ganga,Ganga,Yamuna,Yamuna,Yamuna,Yamuna,28.22361111,77.45583333,01-04-2013 08:30,16.7,"",0,52.64,151.8,"","","",203.9,"",25.15,129.4,"",7.57,95.4,1.16,"",167.13115,"","","","","","",236.39166,"","","","","",3.6730342,"",""
69,Mohna,CWC,6,Haryana,60,FARIDABAD,BALLABGARH,-,-,Ganga,Ganga,Yamuna,Yamuna,Yamuna,Yamuna,28.22361111,77.45583333,01-05-2013 08:30,14.15,"",0,76.69,237.6,"","","",410.9,"",45.81,229.4,"",8.2,84.1,3.2,"",336.80328,"","","","","","",382.6,"","","","","",5.1198497,"",""
70,Mohna,CWC,6,Haryana,60,FARIDABAD,BALLABGARH,-,-,Ganga,Ganga,Yamuna,Yamuna,Yamuna,Yamuna,28.22361111,77.45583333,03-06-2013 08:30,27,"",0,86.02,341,"",1134,"",467.9,"",46.82,248.1,"",7.8,90.8,3.13,"",383.5246,"","","","","","",410.13333,"","","","","",5.347446,"",""
71,Mohna,CWC,6,Haryana,60,FARIDABAD,BALLABGARH,-,-,Ganga,Ganga,Yamuna,Yamuna,Yamuna,Yamuna,28.22361111,77.45583333,01-07-2013 08:30,3.7,"",0,38.95,31.69,"",297,"",156.7,"",26.71,6.1,"",7.39,71.5,0.19,"",128.44263,"","","","","","",208.66667,"","","","","",0.18438257,"",""
72,Mohna,CWC,6,Haryana,60,FARIDABAD,BALLABGARH,-,-,Ganga,Ganga,Yamuna,Yamuna,Yamuna,Yamuna,28.22361111,77.45583333,01-08-2013 08:30,0.1,"",0,46.87,57.25,5.4,285,"",151.3,"",7.26,40,"",6.91,47.3,0.29,"",124.016396,"","","","","","",147.425,"","","","","",1.4359108,"",""
73,Mohna,CWC,6,Haryana,60,FARIDABAD,BALLABGARH,-,-,Ganga,Ganga,Yamuna,Yamuna,Yamuna,Yamuna,28.22361111,77.45583333,02-09-2013 08:30,0.24,"",0,51.52,68.78,6,366,"",205,"",8.06,56.18,"",7.11,54.7,0.24,"",168.03279,"","","","","","",162.38333,"","","","","",1.9216214,"",""
74,Mohna,CWC,6,Haryana,60,FARIDABAD,BALLABGARH,-,-,Ganga,Ganga,Yamuna,Yamuna,Yamuna,Yamuna,28.22361111,77.45583333,01-10-2013 08:30,0.49,"",0,52.06,136.4,3.8,526,"",229.8,"",31.32,88.95,"",7.35,68.5,0.23,"",188.36066,"","","","","","",260.65,"","","","","",2.405235,"",""
75,Mohna,CWC,6,Haryana,60,FARIDABAD,BALLABGARH,-,-,Ganga,Ganga,Yamuna,Yamuna,Yamuna,Yamuna,28.22361111,77.45583333,01-11-2013 08:30,2.68,"",0,70.86,234.6,2.8,804,"",359.7,"",37.81,155.4,"",7.56,111,1.25,"",294.8361,"","","","","","",334.69168,"","","","","",3.7076538,"",""
76,Mohna,CWC,6,Haryana,60,FARIDABAD,BALLABGARH,-,-,Ganga,Ganga,Yamuna,Yamuna,Yamuna,Yamuna,28.22361111,77.45583333,02-12-2013 08:30,2.09,"",0,77.06,209.2,2,888,"",449,"",30.45,191.3,"",7.52,91,19.28,"",368.03278,"","","","","","",319.525,"","","","","",4.6694074,"",""
77,Mohna,CWC,6,Haryana,60,FARIDABAD,BALLABGARH,-,-,Ganga,Ganga,Yamuna,Yamuna,Yamuna,Yamuna,28.22361111,77.45583333,01-01-2014 08:30,2.16,"",9.94,94.34,284.3,1.2,1032,"",453.7,"",29.15,213.3,"",7.72,110.3,2.93,"",388.45193,"","","","","","",357.30832,"","","","","",4.921931,"",""
78,Mohna,CWC,6,Haryana,60,FARIDABAD,BALLABGARH,-,-,Ganga,Ganga,Yamuna,Yamuna,Yamuna,Yamuna,28.22361111,77.45583333,01-02-2014 08:30,5.4,"",0,71.29,102.3,3,618,"",302.2,"",37.81,85.25,"",7.45,136.6,1.63,"",247.70493,"","","","","","",335.76666,"","","","","",2.0306857,"",""
79,Mohna,CWC,6,Haryana,60,FARIDABAD,BALLABGARH,-,-,Ganga,Ganga,Yamuna,Yamuna,Yamuna,Yamuna,28.22361111,77.45583333,03-03-2014 08:30,1.46,"",0,74.03,126.3,5,614,"",324.5,"",28.59,88,"",7.13,78.3,1.23,"",265.9836,"","","","","","",304.2,"","","","","",2.2013521,"",""
80,Mohna,CWC,6,Haryana,60,FARIDABAD,BALLABGARH,-,-,Ganga,Ganga,Yamuna,Yamuna,Yamuna,Yamuna,28.22361111,77.45583333,01-04-2014 08:30,1.06,"",0,50.85,99.87,3.4,511,"",255.2,"",20.34,103,"",7.23,66,0.58,"",209.18033,"","","","","","",211.875,"","","","","",3.0874743,"",""
81,Mohna,CWC,6,Haryana,60,FARIDABAD,BALLABGARH,-,-,Ganga,Ganga,Yamuna,Yamuna,Yamuna,Yamuna,28.22361111,77.45583333,01-05-2014 08:30,2.09,"",0,89.44,207.5,2.2,870,"",446.4,"",23.14,187,"",7.94,80.1,2.33,"",365.90164,"","","","","","",320.01666,"","","","","",4.558602,"",""
82,Mohna,CWC,6,Haryana,60,FARIDABAD,BALLABGARH,-,-,Ganga,Ganga,Yamuna,Yamuna,Yamuna,Yamuna,28.22361111,77.45583333,02-06-2014 09:20,7.66,"",0,78.15,154.47,2.2,816,"",415.48,"",34.52,131.3,"",6.77,60,2.97,"",340.55737,"","","","","","",339.20834,"","","","","",3.1109526,"",""
83,Mohna,CWC,6,Haryana,60,FARIDABAD,BALLABGARH,-,-,Ganga,Ganga,Yamuna,Yamuna,Yamuna,Yamuna,28.22361111,77.45583333,01-07-2014 08:30,13.66,"",0,91.34,214.37,3,950,"",474,"",30.39,200.2,"",7.58,78.5,3.57,"",388.5246,"","","","","","",354.97498,"","","","","",4.635221,"",""
84,Mohna,CWC,6,Haryana,60,FARIDABAD,BALLABGARH,-,-,Ganga,Ganga,Yamuna,Yamuna,Yamuna,Yamuna,28.22361111,77.45583333,01-08-2014 08:00,1.52,"",0,41.04,30.32,6.8,223,"",107.69,"",4.38,26.57,"",7.66,27.6,0.001,"",88.27049,"","","","","","",120.850006,"","","","","",1.0531627,"",""
85,Mohna,CWC,6,Haryana,60,FARIDABAD,BALLABGARH,-,-,Ganga,Ganga,Yamuna,Yamuna,Yamuna,Yamuna,28.22361111,77.45583333,01-09-2014 08:00,5.41,"",0,100.26,218.29,5.2,1008,"",505.79,"",28.76,203.37,"",7.82,87,2.96,"",414.58197,"","","","","","",370.48334,"","","","","",4.6081905,"",""
86,Mohna,CWC,6,Haryana,60,FARIDABAD,BALLABGARH,-,-,Ganga,Ganga,Yamuna,Yamuna,Yamuna,Yamuna,28.22361111,77.45583333,01-10-2014 08:10,1.49,"",0,83.2,238.01,4.4,1019,"",406.06,"",23.17,229.91,"",7.73,104,0.32,"",332.83606,"","","","","","",304.54166,"","","","","",5.7457595,"",""
87,Mohna,CWC,6,Haryana,60,FARIDABAD,BALLABGARH,-,-,Ganga,Ganga,Yamuna,Yamuna,Yamuna,Yamuna,28.22361111,77.45583333,03-11-2014 08:35,1.24,"",0,98.86,293.05,3.9,1214,"",507.56,"",30.63,307.65,"",7.62,157,1.25,"",416.03278,"","","","","","",374.775,"","","","","",6.931692,"",""
88,Mohna,CWC,6,Haryana,60,FARIDABAD,BALLABGARH,-,-,Ganga,Ganga,Yamuna,Yamuna,Yamuna,Yamuna,28.22361111,77.45583333,01-12-2014 08:30,3.11,"",0,71.03,167.67,3.4,792,"",418.26,"",34.51,150.2,"",7.78,92,0.6,"",342.83606,"","","","","","",321.36667,"","","","","",3.6566715,"",""
89,Mohna,CWC,6,Haryana,60,FARIDABAD,BALLABGARH,-,-,Ganga,Ganga,Yamuna,Yamuna,Yamuna,Yamuna,28.22361111,77.45583333,01-01-2015 09:30,13.2,"",0,43.61,218.44,3.6,753,"",212.4,"",2.97,226.4,"",7.9,90,0.84,"",174.09836,"","","","","","",121.4,"","","","","",8.951183,"",""
90,Mohna,CWC,6,Haryana,60,FARIDABAD,BALLABGARH,-,-,Ganga,Ganga,Yamuna,Yamuna,Yamuna,Yamuna,28.22361111,77.45583333,02-02-2015 09:20,16.2,"",0,30.6,249.21,4.5,777,"",227.6,"",10.54,215.04,"",8,61.5,2.95,"",186.55739,"","","","","","",120.416664,"","","","","",8.548695,"",""
91,Mohna,CWC,6,Haryana,60,FARIDABAD,BALLABGARH,-,-,Ganga,Ganga,Yamuna,Yamuna,Yamuna,Yamuna,28.22361111,77.45583333,02-03-2015 07:00,22.64,"",0,41.5,208.5,"",756,"",295.58,"",15.7,202.15,"",8.15,80.5,0.98,"",242.27867,"","","","","","",169.16667,"","","","","",6.780963,"",""
92,Mohna,CWC,6,Haryana,60,FARIDABAD,BALLABGARH,-,-,Ganga,Ganga,Yamuna,Yamuna,Yamuna,Yamuna,28.22361111,77.45583333,01-04-2015 08:30,10.2,"",0,41,191.11,5.2,748,"",305.92,"",10.5,195,"",7.92,77,0.75,"",250.7541,"","","","","","",146.25,"","","","","",7.0316634,"",""
93,Mohna,CWC,6,Haryana,60,FARIDABAD,BALLABGARH,-,-,Ganga,Ganga,Yamuna,Yamuna,Yamuna,Yamuna,28.22361111,77.45583333,01-05-2015 09:30,7.69,"",0,38.4,113.14,3.9,534,"",189.84,"",29.28,100.55,"",7.82,94,0.83,"",155.60655,"","","","","","",218,"","","","","",2.9739366,"",""
94,Mohna,CWC,6,Haryana,60,FARIDABAD,BALLABGARH,-,-,Ganga,Ganga,Yamuna,Yamuna,Yamuna,Yamuna,28.22361111,77.45583333,01-06-2015 07:30,23.7,"",0,68.8,207.3,"",861,"",421.32,"",32.45,178,"",7.72,75,0.83,"",345.34427,"","","","","","",307.20834,"","","","","",4.432032,"",""
95,Mohna,CWC,6,Haryana,60,FARIDABAD,BALLABGARH,-,-,Ganga,Ganga,Yamuna,Yamuna,Yamuna,Yamuna,28.22361111,77.45583333,01-07-2015 07:30,13.12,"",0,90.38,198.52,"",894,"",464.8,"",18.64,191.3,"",7.9,60,3.18,"",380.98358,"","","","","","",303.61667,"","","","","",4.7865524,"",""
96,Mohna,CWC,6,Haryana,60,FARIDABAD,BALLABGARH,-,-,Ganga,Ganga,Yamuna,Yamuna,Yamuna,Yamuna,28.22361111,77.45583333,01-08-2015 08:00,1.09,"",0,50.65,89.95,"",484,"",239.96,"",15.61,86.27,"",8.07,52,0.03,"",196.68854,"","","","","","",191.66667,"","","","","",2.7180119,"",""
97,Mohna,CWC,6,Haryana,60,FARIDABAD,BALLABGARH,-,-,Ganga,Ganga,Yamuna,Yamuna,Yamuna,Yamuna,28.22361111,77.45583333,01-09-2015 08:10,0.1,"",0,50.68,105.2,"",537,"",255.23,"",17.34,95.65,"",8,70,1.77,"",209.20491,"","","","","","",198.95,"","","","","",2.958239,"",""
98,Mohna,CWC,6,Haryana,60,FARIDABAD,BALLABGARH,-,-,Ganga,Ganga,Yamuna,Yamuna,Yamuna,Yamuna,28.22361111,77.45583333,01-10-2015 08:30,24.9,"",0,94.63,234.5,"",990,"",435.99,"",35.06,198.84,"",8.55,74.3,1.74,"",357.36884,"","","","","","",382.65833,"","","","","",4.4346743,"",""
99,Mohna,CWC,6,Haryana,60,FARIDABAD,BALLABGARH,-,-,Ganga,Ganga,Yamuna,Yamuna,Yamuna,Yamuna,28.22361111,77.45583333,02-11-2015 08:30,15.6,"",0,70.75,270.85,"",1021,"",362.17,"",63.62,105.21,"",7.59,81.2,9.75,"",296.86066,"","","","","","",441.95834,"","","","","",2.1859381,"",""
100,Mohna,CWC,6,Haryana,60,FARIDABAD,BALLABGARH,-,-,Ganga,Ganga,Yamuna,Yamuna,Yamuna,Yamuna,28.22361111,77.45583333,01-12-2015 08:30,12,"",0,78.08,301.75,"",1128,"",295.48,"",48.48,215.34,"",7.9,110,4.08,"",242.19673,"","","","","","",397.2,"","","","","",4.7171416,"",""
101,Mohna,CWC,6,Haryana,60,FARIDABAD,BALLABGARH,-,-,Ganga,Ganga,Yamuna,Yamuna,Yamuna,Yamuna,28.22361111,77.45583333,01-01-2016 08:35,22.6,"",0,43.2,220.1,"",878,"",410,"",57.79,179.2,"",7.51,79.8,7.59,"",336.06558,"","","","","","",348.7917,"","","","","",4.193125,"",""
102,Mohna,CWC,6,Haryana,60,FARIDABAD,BALLABGARH,-,-,Ganga,Ganga,Yamuna,Yamuna,Yamuna,Yamuna,28.22361111,77.45583333,01-02-2016 12:00,29.3,"",0,52.4,283.2,"",847,"",258.6,"",39.28,199.4,"",7.6,85.2,8.66,"",211.96722,"","","","","","",294.66666,"","","","","",5.072566,"",""
103,Mohna,CWC,6,Haryana,60,FARIDABAD,BALLABGARH,-,-,Ganga,Ganga,Yamuna,Yamuna,Yamuna,Yamuna,28.22361111,77.45583333,01-03-2016 08:30,19.5,"",0,56.96,249.1,"",885,"",254.3,"",41.38,162.3,"",7.77,156.3,6.7,"",208.44263,"","","","","","",314.81668,"","","","","",3.9942906,"",""
104,Mohna,CWC,6,Haryana,60,FARIDABAD,BALLABGARH,-,-,Ganga,Ganga,Yamuna,Yamuna,Yamuna,Yamuna,28.22361111,77.45583333,01-04-2016 08:30,20.5,"",37.2,68.96,220.5,"",604,"",115.9,"",50.4,42.61,"",7.3,66.4,7.21,"",157,"","","","","","",382.4,"","","","","",0.951494,"",""
105,Mohna,CWC,6,Haryana,60,FARIDABAD,BALLABGARH,-,-,Ganga,Ganga,Yamuna,Yamuna,Yamuna,Yamuna,28.22361111,77.45583333,02-05-2016 08:30,15.3,"",14.4,62.24,149.2,"",186,"",351.8,"",38.61,143.9,"",7.77,106.8,5.01,"",312.36066,"","","","","","",316.475,"","","","","",3.53142,"",""
106,Mohna,CWC,6,Haryana,60,FARIDABAD,BALLABGARH,-,-,Ganga,Ganga,Yamuna,Yamuna,Yamuna,Yamuna,28.22361111,77.45583333,01-06-2016 08:30,18.3,"",0,49.42,235.43,0.15,1044,"",355,"",41.63,223.55,"",7.79,81.4,7.39,"",290.9836,"","","","","","",297.00833,"","","","","",5.6653285,"",""
107,Mohna,CWC,6,Haryana,60,FARIDABAD,BALLABGARH,-,-,Ganga,Ganga,Yamuna,Yamuna,Yamuna,Yamuna,28.22361111,77.45583333,01-07-2016 08:10,22.2,"",0,64.47,289.33,0.89,1035,"",438.21,"",43.05,232.65,"",7.8,88.2,0.39,"",359.1885,"","","","","","",340.55,"","","","","",5.5044475,"",""
108,Mohna,CWC,6,Haryana,60,FARIDABAD,BALLABGARH,-,-,Ganga,Ganga,Yamuna,Yamuna,Yamuna,Yamuna,28.22361111,77.45583333,02-08-2016 08:20,1.98,"",0,24.08,65.68,0.24,322,"",130.65,"",21.29,47.86,"",6.4,72.8,0.18,"",107.09016,"","","","","","",148.90834,"","","","","",1.7130704,"",""
109,Mohna,CWC,6,Haryana,60,FARIDABAD,BALLABGARH,-,-,Ganga,Ganga,Yamuna,Yamuna,Yamuna,Yamuna,28.22361111,77.45583333,01-09-2016 08:30,1.12,"",0,17.42,78.81,0.15,330,"",163.38,"",26.23,53.89,"",7.3,42,0.04,"",133.91803,"","","","","","",152.84166,"","","","","",1.9051442,"",""
110,Mohna,CWC,6,Haryana,60,FARIDABAD,BALLABGARH,-,-,Ganga,Ganga,Yamuna,Yamuna,Yamuna,Yamuna,28.22361111,77.45583333,03-10-2016 08:30,14,"",0,69.49,253.83,2.45,8.11,"",200.18,"",33.24,159.65,"",7.2,79.8,6.02,"",164.08195,"","","","","","",312.225,"","","","","",3.9431431,"",""
111,Mohna,CWC,6,Haryana,60,FARIDABAD,BALLABGARH,-,-,Ganga,Ganga,Yamuna,Yamuna,Yamuna,Yamuna,28.22361111,77.45583333,01-11-2016 08:30,16.4,"",0,78.6,373.11,1.48,1328,"",390.01,"",34.52,306.8,"",7.4,128.8,8.67,"",319.68033,"","","","","","",340.33334,"","","","","",7.2570777,"",""
112,Mohna,CWC,6,Haryana,60,FARIDABAD,BALLABGARH,-,-,Ganga,Ganga,Yamuna,Yamuna,Yamuna,Yamuna,28.22361111,77.45583333,01-12-2016 08:30,5.83,"",0,85.67,319.35,0.24,1201,"",459.89,"",41.51,241.18,"",7.92,75.2,5.55,"",376.959,"","","",1151.833,"","",460.733,"","","","","",5.3467965,"",""
113,Mohna,CWC,6,Haryana,60,FARIDABAD,BALLABGARH,-,-,Ganga,Ganga,Yamuna,Yamuna,Yamuna,Yamuna,28.22361111,77.45583333,01-08-2017 08:00,5.84,"",0,36.93,65,"",356,"",141.96,"",14.14,52.3,"",7.36,48.4,"","",116.361,"","","",473.062,"","",189.225,"","","","","","","",""
114,Mohna,CWC,6,Haryana,60,FARIDABAD,BALLABGARH,-,-,Ganga,Ganga,Yamuna,Yamuna,Yamuna,Yamuna,28.22361111,77.45583333,01-09-2017 07:46,0.08,"",0,52,101.53,"",588,"",178.32,"",24,116.13,"",7.46,134.8,15.78,"",146.164,"","","",691.667,"","",276.667,"","","","","","","",""
115,Mohna,CWC,6,Haryana,60,FARIDABAD,BALLABGARH,-,-,Ganga,Ganga,Yamuna,Yamuna,Yamuna,Yamuna,28.22361111,77.45583333,03-10-2017 08:20,6.9,"",0,37.44,95.85,"",554,"",219.28,"",22.94,82.32,"",7.22,70.83,1.27,"",179.738,"","","",533.375,"","",213.35,"","","","","","","",""
116,Mohna,CWC,6,Haryana,60,FARIDABAD,BALLABGARH,-,-,Ganga,Ganga,Yamuna,Yamuna,Yamuna,Yamuna,28.22361111,77.45583333,01-11-2017 08:35,14.7,"",0,40.12,165.46,"",776,"",223.91,"",24.2,98.32,"",7.3,86,"","",183.533,"","","",569.168,"","",227.667,"","","","","","","",""
117,Mohna,CWC,6,Haryana,60,FARIDABAD,BALLABGARH,-,-,Ganga,Ganga,Yamuna,Yamuna,Yamuna,Yamuna,28.22361111,77.45583333,01-12-2017 08:40,26.1,"",0,68.08,242.6,"",1022,"",335.65,"",40.512,178.3,"",7.39,75,"","",275.123,"","","",962.368,"","",384.947,"","","","","","","",""
118,Mohna,CWC,6,Haryana,60,FARIDABAD,BALLABGARH,-,-,Ganga,Ganga,Yamuna,Yamuna,Yamuna,Yamuna,28.22361111,77.45583333,01-01-2018 08:40,27.8,"",0,63,276.9,"",1142,"",418.88,"",37,212.2,"",7.82,80,10.59,"",343.344,"","","",887.5,"","",355,"","","","","","","",""
119,Mohna,CWC,6,Haryana,60,FARIDABAD,BALLABGARH,-,-,Ganga,Ganga,Yamuna,Yamuna,Yamuna,Yamuna,28.22361111,77.45583333,05-02-2018 20:30,108,"",0,64.22,218.2,"",1190,"",412.25,"",28.512,234.625,"",7.88,74,7.899,"",337.91,"","","",847.157,"","",338.863,"","","","","","","",""
120,Mohna,CWC,6,Haryana,60,FARIDABAD,BALLABGARH,-,-,Ganga,Ganga,Yamuna,Yamuna,Yamuna,Yamuna,28.22361111,77.45583333,01-03-2018 08:25,34.7,"",0,56.12,248.56,"",1331,"",412,"",28.88,248.88,"",7.84,80,13.1,"",337.705,"","","",765.083,"","",306.033,"","","","","","","",""
121,Mohna,CWC,6,Haryana,60,FARIDABAD,BALLABGARH,-,-,Ganga,Ganga,Yamuna,Yamuna,Yamuna,Yamuna,28.22361111,77.45583333,02-04-2018 08:30,30.7,"",0,68.96,260.84,"",1391,"",553.8312,"",47.712,267,"",7.72,100,10.333,"",453.96,"","","",1016.532,"","",406.613,"","","","","","","",""
122,Mohna,CWC,6,Haryana,60,FARIDABAD,BALLABGARH,-,-,Ganga,Ganga,Yamuna,Yamuna,Yamuna,Yamuna,28.22361111,77.45583333,01-05-2018 08:10,5.23,"",0,91.84,240.12,"",1322,"",500.7,"",20.928,265.44,"",7.7,81,10.46,"",410.41,"","","",1087.468,"","",434.987,"","","","","","","",""
123,Mohna,CWC,6,Haryana,60,FARIDABAD,BALLABGARH,-,-,Ganga,Ganga,Yamuna,Yamuna,Yamuna,Yamuna,28.22361111,77.45583333,01-06-2018 07:40,22.2,"",0,47,236.06,"",1028,"",368.94,"",42,180.425,"",7.4,55.8,2.46,"",302.41,"","","",752.083,"","",300.833,"","","","","","","",""
124,Mohna,CWC,6,Haryana,60,FARIDABAD,BALLABGARH,-,-,Ganga,Ganga,Yamuna,Yamuna,Yamuna,Yamuna,28.22361111,77.45583333,02-07-2018 07:20,23.4,"",0,62.64,256.48,"",1122,"",332.14,"",18.84,220.6,"",7.73,112,2.68,"",272.246,"","","",770.25,"","",308.1,"","","","","","","",""
125,Mohna,CWC,6,Haryana,60,FARIDABAD,BALLABGARH,-,-,Ganga,Ganga,Yamuna,Yamuna,Yamuna,Yamuna,28.22361111,77.45583333,01-08-2018 08:00,2.58,"",0,20.96,42.68,"",181,"",132.83,"",18.21,35.09,"",7.44,36,0.158,"",108.877,"","","",332.145,"","",132.858,"","","","","","","",""
126,Mohna,CWC,6,Haryana,60,FARIDABAD,BALLABGARH,-,-,Ganga,Ganga,Yamuna,Yamuna,Yamuna,Yamuna,28.22361111,77.45583333,04-09-2018 08:30,6.29,"",0,23.65,84.35,"",427,"",144.62,"",21.38,68.04,"",7.33,62.2,0.673,"",118.541,"","","",379.98,"","",151.992,"","","","","","","",""
127,Mohna,CWC,6,Haryana,60,FARIDABAD,BALLABGARH,-,-,Ganga,Ganga,Yamuna,Yamuna,Yamuna,Yamuna,28.22361111,77.45583333,01-10-2018 08:30,9.73,"",0,40.34,38.01,"",310,"",168.82,"",13.55,32.38,"",7.29,37.4,0.141,"",138.377,"","","",504.895,"","",201.958,"","","","","","","",""
128,Mohna,CWC,6,Haryana,60,FARIDABAD,BALLABGARH,-,-,Ganga,Ganga,Yamuna,Yamuna,Yamuna,Yamuna,28.22361111,77.45583333,01-11-2018 08:30,3.25,"",0,53.91,82.02,"",826,"",247,"",28.57,86.16,"",7.93,129.4,4.18,"",202.459,"","","",740.125,"","",296.05,"","","","","","","",""
129,Mohna,CWC,6,Haryana,60,FARIDABAD,BALLABGARH,-,-,Ganga,Ganga,Yamuna,Yamuna,Yamuna,Yamuna,28.22361111,77.45583333,03-12-2018 08:30,3.79,"",0,58.98,186.32,"",887,"",344,"",28.82,166.1,"",7.58,83.8,1.075,"",281.967,"","","",794.5,"","",317.8,"","","","","","","",""
130,Mohna,CWC,6,Haryana,60,FARIDABAD,BALLABGARH,-,-,Ganga,Ganga,Yamuna,Yamuna,Yamuna,Yamuna,28.22361111,77.45583333,01-01-2019 08:30,3.98,"",0,68.72,192.69,"",1043,"",425.85,"",29.82,177.65,"",7.68,76.8,2.856,"",349.057,"","","",902.207,"","",360.883,"","","","","","","",""
131,Mohna,CWC,6,Haryana,60,FARIDABAD,BALLABGARH,-,-,Ganga,Ganga,Yamuna,Yamuna,Yamuna,Yamuna,28.22361111,77.45583333,01-02-2019 08:30,"","","","","","","","","","","","","","","","","","","","","","","","","","","","","","","","",""
132,Mohna,CWC,6,Haryana,60,FARIDABAD,BALLABGARH,-,-,Ganga,Ganga,Yamuna,Yamuna,Yamuna,Yamuna,28.22361111,77.45583333,01-03-2019 08:30,"","","","","","","","","","","","","","","","","","","","","","","","","","","","","","","","",""
133,Mohna,CWC,6,Haryana,60,FARIDABAD,BALLABGARH,-,-,Ganga,Ganga,Yamuna,Yamuna,Yamuna,Yamuna,28.22361111,77.45583333,01-04-2019 08:30,17,"",0,59.47,190.3,"",839,"",318.8,"",29.69,147.35,"",7.18,78.4,1.437,"",261.311,"","","",805.042,"","",322.017,"","","","","","","",""
134,Mohna,CWC,6,Haryana,60,FARIDABAD,BALLABGARH,-,-,Ganga,Ganga,Yamuna,Yamuna,Yamuna,Yamuna,28.22361111,77.45583333,01-05-2019 08:30,10.1,"",0,68.4,110.71,"",669,"",275.17,"",20.99,87.71,"",7.61,70.48,0.869,"",225.549,"","","",843.688,"","",337.475,"","","","","","","",""
135,Mohna,CWC,6,Haryana,60,FARIDABAD,BALLABGARH,-,-,Ganga,Ganga,Yamuna,Yamuna,Yamuna,Yamuna,28.22361111,77.45583333,03-06-2019 08:30,22.6,"",0,19.05,112.67,"",1314,"",365,"",74,88.48,"",7.89,92.2,0.272,"",299.18,"","","",660.938,"","",264.375,"","","","","","","",""
136,Mohna,CWC,6,Haryana,60,FARIDABAD,BALLABGARH,-,-,Ganga,Ganga,Yamuna,Yamuna,Yamuna,Yamuna,28.22361111,77.45583333,01-07-2019 08:30,24.5,"",0,60.68,208.03,"",1208,"",438.7,"",45.26,164.5,"",7.92,51.9,0.626,"",359.59,"","","",914.958,"","",365.983,"","","","","","","",""
137,Mohna,CWC,6,Haryana,60,FARIDABAD,BALLABGARH,-,-,Ganga,Ganga,Yamuna,Yamuna,Yamuna,Yamuna,28.22361111,77.45583333,01-08-2019 08:00,11.8,"",0,47.62,135.97,"",699,"",250.01,"",24.55,105.775,"",7.6,71.63,0.08,"",204.926,"","","",649.48,"","",259.792,"","","","","","","",""
138,Mohna,CWC,6,Haryana,60,FARIDABAD,BALLABGARH,-,-,Ganga,Ganga,Yamuna,Yamuna,Yamuna,Yamuna,28.22361111,77.45583333,02-09-2019 08:00,0.0519,"",0,46.06,106.75,"",532,"",196.47,"",16.69,84.425,"",7.56,67.8,0.13,"",161.041,"","","",584.105,"","",233.642,"","","","","","","",""
139,Mohna,CWC,6,Haryana,60,FARIDABAD,BALLABGARH,-,-,Ganga,Ganga,Yamuna,Yamuna,Yamuna,Yamuna,28.22361111,77.45583333,01-10-2019 08:00,11.9,"",0,38.55,195.02,"",862,"",290.43,"",35.94,156,"",7.62,83,0.98,"",238.057,"","","",626.188,"","",250.475,"","","","","","","",""
140,Mohna,CWC,6,Haryana,60,FARIDABAD,BALLABGARH,-,-,Ganga,Ganga,Yamuna,Yamuna,Yamuna,Yamuna,28.22361111,77.45583333,01-11-2019 08:30,11.98,"",0,50.69,285.34,"",1213,"",342.5,"",48.66,211.13,"",7.77,105.3,0.3008,"",280.738,"","","",832.145,"","",332.858,"","","","","","","",""
141,Mohna,CWC,6,Haryana,60,FARIDABAD,BALLABGARH,-,-,Ganga,Ganga,Yamuna,Yamuna,Yamuna,Yamuna,28.22361111,77.45583333,02-12-2019 08:30,8.5,"",0,71.37,268.8,"",1007,"",380,"",34.01,206.45,"",7.8,75.9,0.486,"",311.475,"","","",956,"","",382.4,"","","","","","","",""
142,Mohna,CWC,6,Haryana,60,FARIDABAD,BALLABGARH,-,-,Ganga,Ganga,Yamuna,Yamuna,Yamuna,Yamuna,28.22361111,77.45583333,01-01-2020 08:30,26.8,"",0,58.01,201.59,0.87,959,"",278.14,"",30.85,150.72,"",7.53,81.1,0.38,"",227.98,"","","",797.08,"","",318.83,"","","","","","","",""
143,Mohna,CWC,6,Haryana,60,FARIDABAD,BALLABGARH,-,-,Ganga,Ganga,Yamuna,Yamuna,Yamuna,Yamuna,28.22361111,77.45583333,03-02-2020 08:30,4.52,"",0,66.13,115.52,0.24,815,"",327,"",31.76,89.06,"",8.33,35.2,0.42,"",268.03,"","","",887.36,"","",354.94,"","","","","","","",""
144,Mohna,CWC,6,Haryana,60,FARIDABAD,BALLABGARH,-,-,Ganga,Ganga,Yamuna,Yamuna,Yamuna,Yamuna,28.22361111,77.45583333,02-03-2020 08:30,12.12,"",0,57.55,105.69,0.62,774,"",208.51,"",19.28,84.82,"",7.84,82.6,1.08,"",173.76,"","","","","","","","","","","","","","",""
145,Mohna,CWC,6,Haryana,60,FARIDABAD,BALLABGARH,-,-,Ganga,Ganga,Yamuna,Yamuna,Yamuna,Yamuna,28.22361111,77.45583333,04-09-2020 08:30,0.08,"",0,58.54,90.38,8,462,"",201,"",39,71.85,"",7.45,160.6,0.09,"",167.5,"","","","","","","","","","","","","","",""
146,Mohna,CWC,6,Haryana,60,FARIDABAD,BALLABGARH,-,-,Ganga,Ganga,Yamuna,Yamuna,Yamuna,Yamuna,28.22361111,77.45583333,01-10-2020 08:30,"","",0,82.12,248.9,4,1003,"",408,"",45.54,190.06,"",7.78,128.4,"","",340,"","","","","","","","","","","","","","",""
147,Mohna,CWC,6,Haryana,60,FARIDABAD,BALLABGARH,-,-,Ganga,Ganga,Yamuna,Yamuna,Yamuna,Yamuna,28.22361111,77.45583333,02-11-2020 08:30,6.84,"",0,83.13,185.88,4.9,1152,"",204,"",15.99,143.4,1,7.98,137,"","",170,"","","","","","","","",1,"","","","","",""
148,Mohna,CWC,6,Haryana,60,FARIDABAD,BALLABGARH,-,-,Ganga,Ganga,Yamuna,Yamuna,Yamuna,Yamuna,28.22361111,77.45583333,01-12-2020 08:30,6.12,"",0,73.72,94.63,2.2,1196,"",328,"",75.52,75.52,"",7.69,147.1,"","",273.3,"","","","","","","","","","","","","","",""
